Input,Ground truth,GPT4OpenAI,Llama2ExLlama,GPT4OpenAI score,Llama2ExLlama score
"bulbasaur, ivysaur, venusaur, charmander","| Pokémon | Type | HP | Attack | Defense | Evolution | Description |
| --- | --- | --- | --- | --- | --- | --- |
| Bulbasaur | Grass, Poison | 45 | 49 | 49 | Ivysaur | A strange seed was planted on its back at birth. The plant sprouts and grows with this POKéMON. Bulbasaur can be seen napping in bright sunlight. There is a seed on its back. By soaking up the sun’s rays, the seed grows progressively larger. There is a plant seed on its back right from the day this Pokémon is born. The seed slowly grows larger. For some time after its birth, it grows by gaining nourishment from the seed on its back. It can go for days without eating a single morsel. In the bulb on its back, it stores energy. A strange seed was planted on its back at birth. The plant sprouts and grows with this Pokémon. BULBASAUR can be seen napping in bright sunlight. There is a seed on its back. By soaking up the sun’s rays, the seed grows progressively larger. While it is young, it uses the nutrients that are stored in the seed on its back in order to grow. While it is young, it uses the nutrients that are stored in the seeds on its back in order to grow. It carries a seed on its back right from birth. As it grows older, the seed also grows larger. There is a plant seed on its back right from the day this POKéMON is born. The seed slowly grows larger. The seed on its back is filled with nutrients. The seed grows steadily larger as its body grows. |
| Ivysaur | Grass, Poison | 60 | 62 | 63 | Venusaur | There is a bud on this POKéMON’s back. To support its weight, IVYSAUR’s legs and trunk grow thick and strong. If it starts spending more time lying in the sunlight, it’s a sign that the bud will bloom into a large flower soon. There is a plant bulb on its back. When it absorbs nutrients, the bulb is said to blossom into a large flower. The bud on its back grows by drawing energy. It gives off an aroma when it is ready to bloom. Exposure to sun­ light adds to its strength. Sunlight also makes the bud on its back grow larger. When the bulb on its back grows large, it appears to lose the ability to stand on its hind legs. The bulb on its back grows by drawing energy. It gives off an aroma when it is ready to bloom. To support its bulb, IVYSAUR’s legs grow sturdy. If it spends more time lying in the sunlight, the bud will soon bloom into a large flower. When the bud on its back starts swelling, a sweet aroma wafts to indicate the flower’s coming bloom. The bulb on its back grows as it absorbs nutrients. The bulb gives off a pleasant aroma when it blooms. There is a bud on this Pokémon’s back. To support its weight, Ivysaur’s legs and trunk grow thick and strong. If it starts spending more time lying in the sunlight, it’s a sign that the bud will bloom into a large flower soon. If the bud on its back starts to smell sweet, it is evidence that the large flower will soon bloom. Exposure to sunlight adds to its strength. Sunlight also makes the bud on its back grow larger. |
| Venusaur | Grass, Poison | 80 | 82 | 83 | None | As it warms it­ self and absorbs the sunlight, its flower petals release a pleasant fragrance. It is able to con­ vert sunlight into energy. As a result, it is more powerful in the summertime. The plant blooms when it is absorbing solar energy. It stays on the move to seek sunlight. By spreading the broad petals of its flower and catching the sun's rays, it fills its body with power. By spreading the broad petals of its flower and catching the sun’s rays, it fills its body with power. The flower on its back catches the sun's rays. The sunlight is then absorbed and used for energy. Its plant blooms when it is absorbing solar energy. It stays on the move to seek sunlight. After a rainy day, the flower on its back smells stronger. The scent attracts other Pokémon. VENUSAUR’s flower is said to take on vivid colors if it gets plenty of nutrition and sunlight. The flower’s aroma soothes the emotions of people. A bewitching aroma wafts from its flower. The fragrance becalms those engaged in a battle. There is a large flower on Venusaur’s back. The flower is said to take on vivid colors if it gets plenty of nutrition and sunlight. The flower’s aroma soothes the emotions of people. There is a large flower on VENUSAUR’s back. The flower is said to take on vivid colors if it gets plenty of nutrition and sunlight. The flower’s aroma soothes the emotions of people. The flower on its back catches the sun’s rays. The sunlight is then absorbed and used for energy. It is able to convert sunlight into energy. As a result, it is more powerful in the summertime. |
| Charmander | Fire | 39 | 52 | 43 | Charmeleon | The flame on its tail shows the strength of its life force. If it is weak, the flame also burns weakly. If it's healthy, the flame on the tip of its tail will burn vigor­ ously, even if it gets a bit wet. The fire on the tip of its tail is a measure of its life. If healthy, its tail burns intensely. Obviously prefers hot places. When it rains, steam is said to spout from the tip of its tail. The flame at the tip of its tail makes a sound as it burns. You can only hear it in quiet places. The flame that burns at the tip of its tail is an indication of its emotions. The flame wavers when CHARMANDER is enjoying itself. If the POKéMON becomes enraged, the flame burns fiercely. It has a preference for hot things. When it rains, steam is said to spout from the tip of its tail. The flame on its tail indicates Charmander’s life force. If it is healthy, the flame burns brightly. The flame on its tail indicates CHARMANDER's life force. If it is healthy, the flame burns brightly. The flame that burns at the tip of its tail is an indication of its emotions. The flame wavers when Charmander is enjoying itself. If the Pokémon becomes enraged, the flame burns fiercely. From the time it is born, a flame burns at the tip of its tail. Its life would end if the flame were to go out. The flame that burns at the tip of its tail is an indication of its emotions. The flame wavers when CHARMANDER is happy, and blazes when it is enraged. The flame on its tail indicates CHARMANDER’s life force. If it is healthy, the flame burns brightly. |","| Pokémon | Type | HP | Attack | Defense | Evolution | Description |
| --- | --- | --- | --- | --- | --- | --- |
| Bulbasaur | Grass/Poison | 45 | 49 | 49 | Ivysaur | Bulbasaur is a small, quadruped Pokémon that has blue-green body with darker blue-green spots. It has red eyes with white pupils and pointed, ear-like structures on top of its head. |
| Ivysaur | Grass/Poison | 60 | 62 | 63 | Venusaur | Ivysaur is a dinosaur-like Pokémon. It has blue-green skin with darker patches. On its back it has an enlarged plant bulb, which grows as the Pokémon does. |
| Venusaur | Grass/Poison | 80 | 82 | 83 | Final form | Venusaur is a large dinosaur-like Pokémon. A large palm tree-like plant grows out of its back. The plant blooms when it is absorbing solar energy. |","| Pokémon | Type | HP | Attack | Defense | Evolution | Description |
| --- | --- | --- | --- | --- | --- | --- |
| Bulbasaur | Grass | 45 | 60 | 40 | Ivysaur | A small, lizard-like Pokémon with large eyes and two small legs. It can use its vines to attack enemies. |
| Charmander | Fire | 35 | 70 | 25 | Charmeleon | A small, reptilian Pokémon with flames on its tail. It is known for its fiery personality. |
| Venusaur | Grass | 80 | 120 | 90 | Venamelon | A massive, plant-like Pokémon with large leaves and powerful arms. It is said to have the power to heal itself and others. |",0.8583976030349731,0.7164021730422974
"charmeleon, charizard, squirtle, wartortle","| Pokémon | Type | HP | Attack | Defense | Evolution | Description |
| --- | --- | --- | --- | --- | --- | --- |
| Charmeleon | Fire | 58 | 64 | 58 | Charizard | Without pity, its sharp claws destroy foes. If it encounters a strong enemy, it becomes agitated, and the flame on its tail flares with a bluish white color. If it becomes agitated during battle, it spouts intense flames, incinerating its surroundings. Tough fights could excite this POKéMON. When excited, it may blow out bluish- white flames. It has a barbaric nature. In battle, it whips its fiery tail around and slashes away with sharp claws. In the rocky mountains where Charmeleon live, their fiery tails shine at night like stars. It is very hot­ headed by nature, so it constantly seeks opponents. It calms down only when it wins. CHARMELEON mercilessly destroys its foes using its sharp claws. If it encounters a strong foe, it turns aggressive. In this excited state, the flame at the tip of its tail flares with a bluish white color. When it swings its burning tail, it elevates the air temperature to  unbearably high levels. Tough fights could excite this Pokémon. When excited, it may breathe out bluish-white flames. When it swings its burning tail, it elevates the air temperature to unbearably high levels. It lashes about with its tail to knock down its foe. It then tears up the fallen opponent with sharp claws. In the rocky mountains where CHARMELEON live, their fiery tails shine at night like stars. When it swings its burning tail, it elevates the temperature to unbearably high levels. It is very hotheaded by nature, so it constantly seeks opponents. It calms down only when it wins. Charmeleon mercilessly destroys its foes using its sharp claws. If it encounters a strong foe, it turns aggressive. In this excited state, the flame at the tip of its tail flares with a bluish white color. |
| Charizard | Fire, Flying | 78 | 84 | 78 | None | If CHARIZARD becomes furious, the flame at the tip of its tail flares up in a light blue shade. Its wings can carry this Pokémon close to an altitude of 4,600 feet. It blows out fire at very high temperatures. Its wings can carry this POKéMON close to an altitude of 4,600 feet. It blows out fire at very high temperatures. Breathing intense, hot flames, it can melt almost anything. Its breath inflicts terrible pain on enemies. A CHARIZARD flies about in search of strong opponents. It breathes intense flames that can melt any material. However, it will never torch a weaker foe. It spits fire that is hot enough to melt boulders. It may cause forest fires by blowing flames. When expelling a blast of super hot fire, the red flame at the tip of its tail burns more intensely. CHARIZARD flies around the sky in search of powerful opponents. It breathes fire of such great heat that it melts anything. However, it never turns its fiery breath on any opponent weaker than itself. It is said that Charizard’s fire burns hotter if it has experienced harsh battles. When expelling a blast of superhot fire, the red flame at the tip of its tail burns more intensely. When this Pokémon expels a blast of superhot fire, the red flame at the tip of its tail burns more intensely. If CHARIZARD be­ comes furious, the flame at the tip of its tail flares up in a whitish- blue color. It is said that CHARIZARD’s fire burns hotter if it has experienced harsh battles. Breathing intense, hot flames, it can melt almost any­ thing. Its breath inflicts terrible pain on enemies. Charizard flies around the sky in search of powerful opponents. It breathes fire of such great heat that it melts anything. However, it never turns its fiery breath on any opponent weaker than itself. Spits fire that is hot enough to melt boulders. Known to cause forest fires unintentionally. It uses its wings to fly high. The temperature of its fire increases as it gains exper­ ience in battle. |
| Squirtle | Water | 44 | 48 | 65 | Wartortle | When it feels threatened, it draws its legs inside its shell and sprays water from its mouth. Its shell is not just for protection. Its rounded shape and the grooves on its surface minimize resistance in water, enabling SQUIRTLE to swim at high speeds. When it retracts its long neck into its shell, it squirts out water with vigorous force. It shelters itself in its shell then strikes back with spouts of water at every opportunity. Squirtle’s shell is not merely used for protection. The shell’s rounded shape and the grooves on its surface help minimize resistance in water, enabling this Pokémon to swim at high speeds. It shelters itself in its shell, then strikes back with spouts of water at every opportunity. Shoots water at prey while in the water. Withdraws into its shell when in danger. The shell is soft when it is born. It soon becomes so resilient, prod­ ding fingers will bounce off it. After birth, its back swells and hardens into a shell. It powerfully sprays foam  from its mouth. The shell, which hardens soon after it is born, is resilient. If you poke it, it will bounce back out. The shell is soft when it is born. It soon becomes so resilient, prodding fingers will bounce off it. When it feels threatened, it draws its limbs inside its shell and sprays water from its mouth. SQUIRTLE’s shell is not merely used for protection. The shell’s rounded shape and the grooves on its surface help minimize resistance in water, enabling this POKéMON to swim at high speeds. After birth, its back swells and hardens into a shell. Powerfully sprays foam from its mouth. |
| Wartortle | Water | 59 | 63 | 80 | Blastoise | When tapped, this POKéMON will pull in its head, but its tail will still stick out a little bit. Often hides in water to stalk unwary prey. For swimming fast, it moves its ears to maintain balance. It is recognized as a symbol of longevity. If its shell has algae on it, that WARTORTLE is very old. Its long, furry tail is a symbol of longevity, making it quite popular among older people. Its tail is large and covered with a rich, thick fur. The tail becomes increasingly deeper in color as WARTORTLE ages. The scratches on its shell are evidence of this POKéMON’s toughness as a battler. This POKéMON is very popular as a pet. Its fur-covered tail is a symbol of its longevity. Its large tail is covered with rich, thick fur that deepens in color with age. The scratches on its shell are evidence of this POKéMON’s toughness in battle. It often hides in water to stalk unwary prey. For fast swimming, it moves its ears to maintain balance. It is a well-established symbol of longevity. If its shell has algae on it, that WARTORTLE is very old. It cleverly controls its furry ears and tail to maintain its balance while swimming. It cleverly con­ trols its furry ears and tail to maintain its balance while swimming. When tapped, this Pokémon will pull in its head, but its tail will still stick out a little bit. It is recognized as a symbol of longevity. If its shell has algae on it, that Wartortle is very old. When tapped on its head, this Pokémon will pull it in, but its tail will still stick out a little bit. It is said to live 10,000 years. Its furry tail is popular as a symbol of longevity. Its tail is large and covered with a rich, thick fur. The tail becomes increasingly deeper in color as Wartortle ages. The scratches on its shell are evidence of this Pokémon’s toughness as a battler. |","| Pokémon | Type | HP | Attack | Defense | Evolution | Description |
| --- | --- | --- | --- | --- | --- | --- |
| Charmeleon | Fire | 58 | 64 | 58 | Charizard | Charmeleon mercilessly destroys its foes using its sharp claws. If it encounters a strong foe, it turns aggressive. In this excited state, the flame at the tip of its tail flares with a bluish white color. |
| Charizard | Fire/Flying | 78 | 84 | 78 | Mega Charizard X/Y | Charizard flies around the sky in search of powerful opponents. It breathes fire of such great heat that it melts anything. However, it never turns its fiery breath on any opponent weaker than itself. |
| Squirtle | Water | 44 | 48 | 65 | Wartortle | Squirtle's shell is not merely used for protection. The shell's rounded shape and the grooves on its surface help minimize resistance in water, enabling this Pokémon to swim at high speeds. |","| Pokémon | Type | HP | Attack | Defense | Evolution | Description |
| --- | --- | --- | --- | --- | --- | --- |
| Charmeleon | Fire | 60 | 120 | 90 | Charizard | A lizard-like Pokémon with a fiery mane. It can breathe fire and has great strength. |
| Squirtle | Water | 45 | 80 | 70 | Wartortle | A turtle-like Pokémon that can shoot water from its shell. It is known for its speed and agility. |
| Wartortle | Water | 60 | 100 | 80 | Blastoise | A large turtle-like Pokémon with powerful claws. It can create massive waves by slapping the water with its flippers. |",0.9037522077560424,0.850156307220459
"blastoise, caterpie, metapod, butterfree","| Pokémon | Type | HP | Attack | Defense | Evolution | Description |
| --- | --- | --- | --- | --- | --- | --- |
| Blastoise | Water | 79 | 83 | 100 | None | Blastoise has water spouts that protrude from its shell. The water spouts are very accurate. They can shoot bullets of water with enough accuracy to strike empty cans from a distance of over 160 feet. It deliberately makes itself heavy so it can with­ stand the recoil of the water jets it fires. BLASTOISE has water spouts that protrude from its shell. The water spouts are very accurate. They can shoot bullets of water with enough accuracy to strike empty cans from a distance of over 160 feet. The pressurized water jets on this brutal POKéMON’s shell are used for high- speed tackles. The rocket cannons on its shell fire jets of water capable of punch­ ing holes through thick steel. It crushes its foe under its heavy body to cause fainting. In a pinch, it will withdraw inside its shell. It deliberately makes itself heavy so it can withstand the recoil of the water jets it fires. The waterspouts that protrude from its shell are highly accurate. Their bullets of water can precisely nail tin cans from a distance of over 160 feet. The rocket cannons on its shell fire jets of water capable of punching holes through thick steel. Once it takes aim at its enemy, it blasts out water with even more force than a fire hose. The pressurized water jets on this brutal Pokémon’s shell are used for high-speed tackles. A brutal POKéMON with pressurized water jets on its shell. They are used for high speed tackles. The jets of water it spouts from the rocket cannons on its shell can punch through thick steel. It firmly plants its feet on the ground before shooting water from the jets on its back. |
| Caterpie | Bug | 45 | 30 | 35 | Metapod | Its voracious appetite compels it to devour leaves bigger than itself without hesitation. It releases a terribly strong odor from its antennae. It is covered with a green skin. When it grows, it sheds the skin, covers itself with silk, and becomes a cocoon. If you touch the feeler on top of its head, it will release a horrible stink to protect itself. Its feet have suction cups designed to stick to any surface. It tenaciously climbs trees to forage. It releases a stench from its red antenna to repel enemies. It grows by molting repeatedly. Perhaps because it would like to grow up quickly, it has a voracious appetite, eating a hundred leaves a day. For protection, it releases a horrible stench from the antennae on its head to drive away enemies. Caterpie has a voracious appetite. It can devour leaves bigger than its body right before your eyes. From its antenna, this Pokémon releases a terrifically strong odor. When attacked by bird Pokémon, it resists by releasing a terrifically strong odor from its antennae, but it often becomes their prey. For protection, it releases a horrible stench from the antenna on its head to drive away enemies. CATERPIE has a voracious appetite. It can devour leaves bigger than its body right before your eyes. From its antenna, this POKéMON releases a terrifically strong odor. It’s easy to catch, and it grows quickly, making it one of the top recommendations for novice Pokémon Trainers. Its body is soft and weak. In nature, its perpetual fate is to be seen by others as food. It crawls into foliage where it camouflages itself among leaves that are the same color as its body. For protection, it releases a horri­ ble stench from the antenna on its head to drive away enemies. Its short feet are tipped with suction pads that enable it to tirelessly climb slopes and walls. |
| Metapod | Bug | 50 | 20 | 55 | Butterfree | It prepares for evolution by hardening its shell as much as possible to protect its soft body. A steel-hard shell protects its tender body. It quietly endures hardships while awaiting evolution. This is its pre- evolved form. At this stage, it can only harden, so it remains motionless to avoid attack. Its shell is filled with a thick liquid. All of the cells throughout its body are being rebuilt in preparation for evolution. This POKéMON is vulnerable to attack while its shell is soft, exposing its weak and tender body. The shell covering this POKéMON’s body is as hard as an iron slab. METAPOD does not move very much. It stays still because it is preparing its soft innards for evolution inside the hard shell. The shell covering this Pokémon’s body is as hard as an iron slab. Metapod does not move very much. It stays still because it is preparing its soft innards for evolution inside the hard shell. Its shell is filled with its soft innards. It doesn’t move much because of the risk it might carelessly spill its innards out. Its shell is as hard as an iron slab. A METAPOD does not move very much because it is preparing its soft innards for evolution inside the shell. Hardens its shell to protect itself. However, a large impact may cause it to pop out of its shell. Its hard shell doesn’t crack a bit even if Pikipek pecks at it, but it will tip over, spilling out its insides. Inside the shell, it is soft and weak as it prepares to evolve. It stays motionless in the shell. It is waiting for the moment to evolve. At this stage, it can only harden, so it remains motionless to avoid attack. This Pokémon is vulnerable to attack while its shell is soft, exposing its weak and tender body. It prepares for evolution by har­ dening its shell as much as possi­ ble to protect its soft body. Its shell is hard, but it’s still just a bug shell. It’s been known to break, so intense battles with it should be avoided. Inside the shell, it is soft and weak as it pre­ pares to evolve. It stays motion­ less in the shell. Even though it is encased in a sturdy shell, the body inside is tender. It can’t withstand a harsh attack. |
| Butterfree | Bug, Flying | 60 | 45 | 50 | None | It collects honey every day. It rubs honey onto the hairs on its legs to carry it back to its nest. Butterfree has a superior ability to search for delicious honey from flowers. It can even search out, extract, and carry honey from flowers that are blooming over six miles from its nest. Water-repellent powder on its wings enables it to collect honey, even in the heav­ iest of rains. In battle, it flaps its wings at high speed to release highly toxic dust into the air. Its wings are covered in toxic scales. If it finds bird Pokémon going after Caterpie, Butterfree sprinkles its scales on them to drive them off. The wings are protected by rain-repellent dust. As a result, this Pokémon can fly about even in rain. When attacked by other Pokémon, it defends itself by scattering its poisonous scales and fluttering its wings. In battle, it flaps its wings at great speed to release highly toxic dust into the air. It loves the honey of flowers and can locate flower patches that have even tiny amounts of pollen. Nectar from pretty flowers is its favorite food. In fields of flowers, it has heated battles with Cutiefly for territory. Its wings, covered with poisonous powder, repel water. This allows it to fly in the rain. The wings are protected by rain-repellent dust. As a result, this POKéMON can fly about even in rain. It flits from flower to flower, collecting honey. It can even identify distant flowers in bloom. BUTTERFREE has a superior ability to search for delicious honey from flowers. It can even search out, extract, and carry honey from flowers that are blooming over six miles from its nest. Water-repellent powder on its wings enables it to collect honey, even in the heaviest of rains. Close examination of its large eyes reveals that each eye is composed of a myriad of tiny eyes. Its wings, covered with poisonous powders, repel water. This allows it to fly in the rain. It has a superior ability to search for delicious honey from flowers. It can seek, extract, and carry honey from flowers blooming over six miles away. |","| Pokémon | Type | HP | Attack | Defense | Evolution | Description |
| --- | --- | --- | --- | --- | --- | --- |
| Blastoise | Water | 79 | 83 | 100 | Evolves from Wartortle | Blastoise has water spouts that protrude from its shell. The water spouts are very accurate. They can shoot bullets of water with enough accuracy to strike empty cans from a distance of over 160 feet. |
| Caterpie | Bug | 45 | 30 | 35 | Evolves into Metapod | Its short feet are tipped with suction pads that enable it to tirelessly climb slopes and walls. This Pokémon feeds on leaves. |
| Metapod | Bug | 50 | 20 | 55 | Evolves into Butterfree from Caterpie | This Pokémon is in a temporary stage while making its body. It is almost completely unable to move on its own. |","| Pokémon | Type | HP | Attack | Defense | Evolution | Description |
| --- | --- | --- | --- | --- | --- | --- |
| Blastoise | Water | 120 | 95 | 60 | Squirtle → | A large, blue turtle-like Pokémon with powerful hydro pump abilities. |
| Caterpie | Bug | 70 | 85 | 45 | Pidgey → | A small, insect-like Pokémon with sharp claws and wings. |
| Metapod | Bug | 80 | 90 | 50 | Butterfree → | A medium-sized, winged Pokémon with impressive speed and agility. |",0.7256016731262207,0.5837658643722534
