Input,ft:gpt-3.5-turbo-0613:personal::7rRUMYgA,ft:gpt-3.5-turbo-0613:personal::7rRUMYgA score,ft:gpt-3.5-turbo-0613:personal::7rRUMYgA yn score
"Venusaur, Charmeleon, Bulbasaur, Ivysaur","| Pokémon | Type | HP | Attack | Defense | Special Attack | Special Defense | Speed | Evolution | Description |
| --- | --- | --- | --- | --- | --- | --- | --- | --- | --- |
| Venusaur | Grass, Poison | 80 | 82 | 83 | 100 | 100 | 80 | None | The plant blooms when it is absorbing solar energy. It stays on the move to seek sunlight. By spreading the broad petals of its flower and catching the sun’s rays, it fills its body with power. The flower on its back catches the sun’s rays. The sunlight is then absorbed and used for energy. The plant blooms when it is absorbing solar energy. It stays on the move to seek sunlight. Its plant blooms when it is absorbing solar energy. It stays on the move to seek sunlight. The flower’s aroma soothes the emotions of people. Venusaur is a Pokémon that has a large flower on its back. The flower is said to take on vivid colors if it gets plenty of nutrition and sunlight. The flower on its back catches the sun’s rays. The sunlight is then absorbed and used for energy. After a rainy day, the flower on its back smells stronger. The scent attracts other Pokémon. By spreading the broad petals of its flower and catching the sun’s rays, it fills its body with power. The flower on its back catches the sun’s rays. The sunlight is then absorbed and used for energy. Its plant blooms when it is absorbing solar energy. It stays on the move to seek sunlight. The flower on its back catches the sun’s rays. The sunlight is then absorbed and used for energy. |
| Charmeleon | Fire | 58 | 64 | 58 | 80 | 65 | 80 | Charizard | When it swings its burning tail, it elevates the temperature to unbearably high levels. It lashes about with its tail to knock down its foe. It then tears up the fallen opponent with sharp claws. It has a barbaric nature. In battle, it whips its fiery tail around and slashes away with sharp claws. Tough fights could excite this Pokémon. When excited, it may blow out bluish-white flames. Charmeleon mercilessly destroys its foes using its sharp claws. If it encounters a strong foe, it turns aggressive. In this excited state, the flame at the tip of its tail flares with a bluish white color. When it swings its burning tail, it elevates the air temperature to unbearably high levels. It is very hotheaded by nature, so it constantly seeks opponents. It calms down only when it wins. When it swings its burning tail, it elevates the air temperature |",0.9942471385002136,0.9942471385002136
"Charmander, Squirtle, Caterpie, Blastoise","| Pokémon | Type | HP | Attack | Defense | Special Attack | Special Defense | Speed | Evolution | Description |
| --- | --- | --- | --- | --- | --- | --- | --- | --- | --- |
| Charmander | Fire | 39 | 52 | 43 | 60 | 50 | 65 | Charmeleon | The flame on its tail indicates Charmander’s life force. If it is healthy, the flame burns brightly. It is said that Charmander’s fire burns hotter if it has experienced harsh battles. The flame on its tail shows the strength of its life force. If it is weak, the flame also burns weakly. From the time it is born, a flame burns at the tip of its tail. Its life would end if the flame were to go out. The flame that burns at the tip of its tail is an indication of its emotions. The flame wavers when Charmander is enjoying itself. The fire on the tip of its tail is a measure of its life. If healthy, its tail burns intensely. The flame on its tail indicates Charmander’s life force. If it is healthy, the flame burns brightly. From the time it is born, a flame burns at the tip of its tail. Its life would end if the flame were to go out. The flame at the tip of its tail makes a sound as it burns. You can only hear it in quiet places. It has a preference for hot things. When it rains, steam is said to spout from the tip of its tail. The flame on its tail indicates CHARMANDER’s life force. If it is healthy, the flame burns brightly. The flame wavers when CHARMANDER is enjoying itself. |
| Squirtle | Water | 44 | 48 | 65 | 50 | 64 | 43 | Wartortle | It shelters itself in its shell, then strikes back with spouts of water at every opportunity. When it retracts its long neck into its shell, it squirts out water with vigorous force. It shelters itself in its shell, then strikes back with spouts of water at every opportunity. When it feels threatened, it draws its legs inside its shell and sprays water from its mouth. It shelters itself in its shell, then strikes back with spouts of water at every opportunity. The shell is soft when it is born. It soon becomes so resilient, prodding fingers will bounce off it. After birth, its back swells and hardens into a shell. Powerfully sprays foam from its mouth. It shelters itself in its shell, then strikes back with spouts of water at every oppor­ tunity. |",0.9808757305145264,0.9808757305145264
"Wartortle, Charizard","| Pokémon | Type | HP | Attack | Defense | Special Attack | Special Defense | Speed | Evolution | Description |
| --- | --- | --- | --- | --- | --- | --- | --- | --- | --- |
| Wartortle | Water | 59 | 63 | 80 | 65 | 80 | 58 | Blastoise | It is recognized as a symbol of longevity. If its shell has algae on it, that WARTORTLE is very old. It cleverly controls its furry ears and tail to maintain its balance while swimming. It is said to live 10,000 years. It is said to live 10,000 years. Its tail is large and covered with a rich, thick fur. The tail becomes increasingly deeper in color as WARTORTLE ages. It often hides in water to stalk unwary prey. Foraging for food at the shoreline, it digs up prey from the sand. Wartortle’s tail is large and covered with a rich, thick fur. The tail becomes increasingly deeper in color as Wartortle ages. The scratches on its shell are evidence of this Pokémon’s toughness as a battler. It is recognized as a symbol of longevity. If its shell has algae on it, that Wartortle is very old. It cleverly controls its furry ears and tail to maintain its balance while swimming. It is said to live 10,000 years. It is said to live 10,000 years. Its tail is large and covered with a rich, thick fur. The tail becomes increasingly deeper in color as Wartortle ages. It often hides in water to stalk unwary prey. Foraging for food at the shoreline, it digs up prey from the sand. |
| Charizard | Fire, Flying | 78 | 84 | 78 | 109 | 85 | 100 | None | It spits fire that is hot enough to melt boulders. It may cause forest fires by blowing flames. Its wings can carry this POKéMON close to an altitude of 4,600 feet. It is said that CHARIZARD’s fire burns hotter if it has experienced harsh battles. It is said that Charizard’s fire burns hotter if it has experienced harsh battles. It is said that Charizard’s fire burns hotter if it has experienced harsh battles. Charizard flies around the sky in search of powerful opponents. It breathes fire of such great heat that it melts anything. However, it never turns its fiery breath on any opponent weaker than itself. Its wings can carry this Pokémon close to an altitude of 4,600 feet. It blows out fire at very high temperatures. Its wings can carry this Pokémon close to |",0.9896791577339172,0.9896791577339172
