Input,llama-2-ft,llama-2-ft score,llama-2-ft yn score
"Venusaur, Charmeleon, Bulbasaur, Ivysaur","| Pokémon | Type | HP | Attack | Defense | Special Attack | Special Defense | Speed | Evolution | Description |
| --- | --- | --- | --- | --- | --- | --- | --- | --- | --- |
| Venusaur | Grass | 90 | 125 | 60 | 85 | 70 | 40 | Evolves from Charmander | A powerful and majestic Pokémon with incredible strength. Its vines can grab and restrain opponents. |
| Charmeleon | Fire | 80 | 130 | 65 | 90 | 75 | 50 | Evolves from Charmander | A fierce and agile Pokémon with quick reflexes. It can generate intense heat using its body to attack opponents. |
| Bulbasaur | Grass | 60 | 90 | 60 | 70 | 60 | 40 | Evolves into Ivysaur | A small but powerful Pokémon that uses its razor-sharp claws and strong legs to take down opponents. Its vines are also used for defense. |
| Ivysaur | Grass | 80 | 100 | 70 | 80 | 70 | 50 | Evolves from Bulbasaur | A matured form of Bulbasaur, with a more developed sense of battle strategy. Its vines have become thicker and stronger, allowing it to bind opponents even tighter. |",0.6889939308166504,0.1447439789772033
"Charmander, Squirtle, Caterpie, Blastoise","| Pokémon | Type | HP | Attack | Defense | Special Attack | Special Defense | Speed | Evolution | Description |
| --- | --- | --- | --- | --- | --- | --- | --- | --- | --- |
| Charmander | Fire | 60 | 120 | 85 | 95 | 70 | 40 | Charmeleon | A small, lizard-like Pokémon with flames on its tail. It can breathe fire and has high attack power. |
| Squirtle | Water | 60 | 90 | 65 | 75 | 50 | 30 | Wartortle | A turtle-like Pokémon that can shoot water from its shell. It is very strong in battle. |
| Caterpie | Bug | 60 | 80 | 60 | 70 | 50 | 30 | Venusaur | A large, insect-like Pokémon with powerful legs. Its vines are also used for defense. |
| Blastoise | Water | 120 | 120 | 90 | 100 | 80 | 60 | Gyarados | A massive sea creature with a powerful tail. It can swim at incredible speeds and has great strength. |",0.7356462478637695,0.2486462891101837
"Wartortle, Charizard","| Pokémon | Type | HP | Attack | Defense | Special Attack | Special Defense | Speed | Evolution | Description |
| --- | --- | --- | --- | --- | --- | --- | --- | --- | --- |
| Wartortle | Water | 60 | 120 | 85 | 95 | 70 | 40 | Squirtle (Evolves into) | A water-type Pokémon that can evolve into Blastoise. It has a large shell on its back and can shoot powerful water attacks. |
| Charizard | Fire | 130 | 100 | 90 | 120 | 80 | 60 | Charmander (Evolves from) | A fire-type Pokémon that can fly using its large wings. It is known for its immense strength and fierce battles. |",0.6929835081100464,0.14648354053497314
