Input,gpt-4,gpt-4 score,gpt-4 yn score
"Venusaur, Charmeleon, Bulbasaur, Ivysaur","| Pokémon | Type | HP | Attack | Defense | Special Attack | Special Defense | Speed | Evolution | Description |
| --- | --- | --- | --- | --- | --- | --- | --- | --- | --- |
| Venusaur | Grass/Poison | 80 | 82 | 83 | 100 | 100 | 80 | Evolves from Ivysaur at level 32 | Venusaur uses its flower to catch the sun's rays to convert them into energy, which causes the flower to become more vibrant. |
| Charmeleon | Fire | 58 | 64 | 58 | 80 | 65 | 80 | Evolves from Charmander at level 16 and into Charizard at level 36 | Charmeleon has a flame on its tail that indicates its life force. If it is healthy, the flame burns brightly. |
| Bulbasaur | Grass/Poison | 45 | 49 | 49 | 65 | 65 | 45 | Evolves into Ivysaur at level 16 | Bulbasaur can be seen napping in bright sunlight. The seed on its back grows by drawing energy from the sun. |
| Ivysaur | Grass/Poison | 60 | 62 | 63 | 80 | 80 | 60 | Evolves from Bulbasaur at level 16 and into Venusaur at level 32 | When the bud on its back starts swelling, a sweet aroma wafts to indicate the flower's coming bloom. |",0.8708690404891968,0.8708690404891968
"Charmander, Squirtle, Caterpie, Blastoise","| Pokémon | Type | HP | Attack | Defense | Special Attack | Special Defense | Speed | Evolution | Description |
| --- | --- | --- | --- | --- | --- | --- | --- | --- | --- |
| Charmander | Fire | 39 | 52 | 43 | 60 | 50 | 65 | Charmeleon | The flame that burns at the tip of its tail is an indication of its emotions. The flame wavers when Charmander is enjoying itself. |
| Squirtle | Water | 44 | 48 | 65 | 50 | 64 | 43 | Wartortle | Squirtle's shell is not merely used for protection. The shell's rounded shape and the grooves on its surface help minimize resistance in water, enabling this Pokémon to swim at high speeds. |
| Caterpie | Bug | 45 | 30 | 35 | 20 | 20 | 45 | Metapod | Caterpie has a voracious appetite. It can devour leaves bigger than its body right before your eyes. From its antenna, this Pokémon releases a terrifically strong odor. |
| Blastoise | Water | 79 | 83 | 100 | 85 | 105 | 78 | None (Final Form) | Blastoise has water spouts that protrude from its shell. The water spouts are very accurate. They can shoot bullets of water with enough accuracy to strike empty cans from a distance of over 160 feet. |",0.9537581205368042,0.8787581324577332
"Wartortle, Charizard","| Pokémon | Type | HP | Attack | Defense | Special Attack | Special Defense | Speed | Evolution | Description |
| --- | --- | --- | --- | --- | --- | --- | --- | --- | --- |
| Wartortle | Water | 59 | 63 | 80 | 65 | 80 | 58 | Blastoise | Often hides in water to stalk unwary prey. For swimming fast, it moves its ears to maintain balance. |
| Charizard | Fire/Flying | 78 | 84 | 78 | 109 | 85 | 100 | Mega Charizard X/Y | Charizard flies around the sky in search of powerful opponents. It breathes fire of such great heat that it melts anything. |",0.9144262671470642,0.8644262552261353
